{
  "train_loss": [
    0.6828129217028618,
    0.6255932599306107,
    0.5670103654265404,
    0.5047139264643192,
    0.4667055979371071,
    0.4310998022556305,
    0.4163660481572151,
    0.39826929941773415,
    0.3515332527458668,
    0.3299294523894787,
    0.3177401814609766,
    0.27567059360444546,
    0.26732105761766434,
    0.2893525417894125,
    0.2555624209344387,
    0.2674861438572407,
    0.23426624201238155,
    0.2858585752546787,
    0.24334322847425938,
    0.21967242658138275
  ],
  "train_acc": [
    51.5625,
    78.125,
    82.8125,
    92.1875,
    89.0625,
    90.625,
    90.625,
    92.1875,
    93.75,
    96.875,
    95.3125,
    96.875,
    96.875,
    92.1875,
    96.875,
    95.3125,
    96.875,
    92.1875,
    95.3125,
    95.3125
  ],
  "val_loss": [
    0.6314978301525116,
    0.5904953181743622,
    0.5515133142471313,
    0.5044503957033157,
    0.470533549785614,
    0.4298292100429535,
    0.39480625092983246,
    0.37129633128643036,
    0.33414413034915924,
    0.3244284838438034,
    0.30187849700450897,
    0.2883392721414566,
    0.28929220885038376,
    0.2666027918457985,
    0.2519882768392563,
    0.23611627519130707,
    0.21371342986822128,
    0.2041449099779129,
    0.2242533341050148,
    0.23464084416627884
  ],
  "val_acc": [
    87.5,
    81.25,
    87.5,
    93.75,
    93.75,
    93.75,
    93.75,
    93.75,
    100.0,
    100.0,
    100.0,
    100.0,
    100.0,
    100.0,
    100.0,
    93.75,
    100.0,
    100.0,
    100.0,
    100.0
  ],
  "epochs": [
    1,
    2,
    3,
    4,
    5,
    6,
    7,
    8,
    9,
    10,
    11,
    12,
    13,
    14,
    15,
    16,
    17,
    18,
    19,
    20
  ]
}