{
  "train_loss": [
    0.6781488880515099,
    0.4604171812534332,
    0.24736590404063463,
    0.07728507625870407,
    0.03841184650082141,
    0.11240952764637768,
    0.036204057396389544,
    0.029226417769677937,
    0.03613796108402312,
    0.03947303869063035,
    0.028552376192237716,
    0.05828894677688368,
    0.007932465174235404,
    0.11913162925338838,
    0.024918706418247893,
    0.06566992292937357,
    0.019042453699512407,
    0.014223477977793664,
    0.008600588276749477,
    0.0018831534871424083
  ],
  "train_acc": [
    51.5625,
    93.75,
    98.4375,
    100.0,
    98.4375,
    95.3125,
    100.0,
    100.0,
    100.0,
    100.0,
    98.4375,
    96.875,
    100.0,
    96.875,
    100.0,
    96.875,
    100.0,
    100.0,
    100.0,
    100.0
  ],
  "val_loss": [
    0.5482277274131775,
    0.4383730888366699,
    0.1566711887717247,
    0.03220244497060776,
    0.022563192062079906,
    0.018090180354192853,
    0.04077183920890093,
    0.0258222883567214,
    0.016775377560406923,
    0.02452786872163415,
    0.02183976536616683,
    0.01997828809544444,
    0.04921833425760269,
    0.044110946357250214,
    0.0530407540500164,
    0.06488806381821632,
    0.03996721375733614,
    0.03665806748904288,
    0.034866656962549314,
    0.033576604175323155
  ],
  "val_acc": [
    87.5,
    93.75,
    93.75,
    100.0,
    100.0,
    100.0,
    100.0,
    100.0,
    100.0,
    100.0,
    100.0,
    100.0,
    100.0,
    100.0,
    100.0,
    100.0,
    100.0,
    100.0,
    100.0,
    100.0
  ],
  "epochs": [
    1,
    2,
    3,
    4,
    5,
    6,
    7,
    8,
    9,
    10,
    11,
    12,
    13,
    14,
    15,
    16,
    17,
    18,
    19,
    20
  ]
}